zip,status,http,bytes,retrieved_at,attempts,note
01201,done,200,153313,2026-08-19T21:39:53Z,1,
01844,done,200,138044,2026-08-19T21:38:24Z,1,
02155,done,200,158102,2026-08-19T21:39:13Z,1,
02169,done,200,149089,2026-08-19T21:41:52Z,1,
02360,done,200,145523,2026-08-19T21:35:07Z,1,
02703,done,200,149011,2026-08-19T21:41:29Z,1,
02780,done,200,147766,2026-08-19T21:39:37Z,1,
06010,done,200,157299,2026-08-19T21:36:26Z,1,
06082,done,200,143927,2026-08-19T21:39:33Z,1,
06460,done,200,155429,2026-08-19T21:41:13Z,1,
06484,done,200,147569,2026-08-19T21:40:58Z,1,
06614,done,200,138951,2026-08-19T21:40:39Z,1,
06902,done,200,154556,2026-08-19T21:41:46Z,1,
07052,done,200,152412,2026-08-19T21:40:22Z,1,
07083,done,200,139704,2026-08-19T21:37:07Z,1,
07470,done,200,146639,2026-08-19T21:37:15Z,1,
07726,done,200,134298,2026-08-19T21:37:39Z,1,
07731,done,200,152189,2026-08-19T21:40:08Z,1,
08053,done,200,123310,2026-08-19T21:38:05Z,1,
08054,done,200,128446,2026-08-19T21:37:15Z,1,
08080,done,200,115586,2026-08-19T21:39:57Z,1,
08081,done,200,136457,2026-08-19T21:37:24Z,1,
08094,done,200,143226,2026-08-19T21:39:51Z,1,
08234,done,200,145291,2026-08-19T21:37:44Z,1,
08527,done,200,160803,2026-08-19T21:35:38Z,1,
08724,done,200,140319,2026-08-19T21:38:10Z,1,
08753,done,200,152970,2026-08-19T21:35:12Z,1,
08757,done,200,119203,2026-08-19T21:36:38Z,1,
08816,done,200,127825,2026-08-19T21:38:38Z,1,
08831,done,200,149741,2026-08-19T21:35:01Z,1,
08844,done,200,135893,2026-08-19T21:39:06Z,1,
08873,done,200,150197,2026-08-19T21:37:24Z,1,
10306,done,200,136094,2026-08-19T21:37:49Z,1,
10314,done,200,145507,2026-08-19T21:34:52Z,1,
10469,done,200,152704,2026-08-19T21:40:59Z,1,
10940,done,200,156750,2026-08-19T21:41:08Z,1,
11040,done,200,133525,2026-08-19T21:40:16Z,1,
11203,done,200,162932,2026-08-19T21:41:07Z,1,
11215,done,200,161620,2026-08-19T21:40:33Z,1,
11234,done,200,157614,2026-08-19T21:35:00Z,1,
11236,done,200,158448,2026-08-19T21:36:01Z,1,
11357,done,200,145821,2026-08-19T21:40:49Z,1,
11375,done,200,146877,2026-08-19T21:35:49Z,1,
11590,done,200,138280,2026-08-19T21:41:33Z,1,
11706,done,200,146152,2026-08-19T21:37:31Z,1,
11743,done,200,138233,2026-08-19T21:38:00Z,1,
11746,done,200,137268,2026-08-19T21:35:28Z,1,
11756,done,200,116795,2026-08-19T21:39:08Z,1,
11757,done,200,131083,2026-08-19T21:40:41Z,1,
11758,done,200,120636,2026-08-19T21:35:43Z,1,
11772,done,200,134615,2026-08-19T21:40:39Z,1,
12065,done,200,135712,2026-08-19T21:39:25Z,1,
12603,done,200,142107,2026-08-19T21:40:30Z,1,
14086,done,200,115206,2026-08-19T21:39:47Z,1,
14094,done,200,142499,2026-08-19T21:36:42Z,1,
14120,done,200,117914,2026-08-19T21:38:07Z,1,
14150,done,200,132193,2026-08-19T21:38:12Z,1,
14224,done,200,132676,2026-08-19T21:37:57Z,1,
14225,done,200,143463,2026-08-19T21:41:53Z,1,
14450,done,200,125880,2026-08-19T21:37:41Z,1,
14580,done,200,127633,2026-08-19T21:35:54Z,1,
14624,done,200,115871,2026-08-19T21:40:15Z,1,
14850,done,200,172110,2026-08-19T21:39:51Z,1,
15068,done,200,144339,2026-08-19T21:41:02Z,1,
15108,done,200,146454,2026-08-19T21:39:57Z,1,
15237,done,200,124768,2026-08-19T21:37:45Z,1,
15301,done,200,152630,2026-08-19T21:37:28Z,1,
15317,done,200,132874,2026-08-19T21:37:42Z,1,
15601,done,200,143810,2026-08-19T21:35:34Z,1,
15642,done,200,120871,2026-08-19T21:36:10Z,1,
16001,done,200,144597,2026-08-19T21:40:25Z,1,
17050,done,200,129322,2026-08-19T21:39:25Z,1,
17055,done,200,140831,2026-08-19T21:39:27Z,1,
17112,done,200,133484,2026-08-19T21:39:02Z,1,
17331,done,200,148254,2026-08-19T21:35:51Z,1,
17543,done,200,121502,2026-08-19T21:39:03Z,1,
17603,done,200,152848,2026-08-19T21:36:04Z,1,
18103,done,200,139572,2026-08-19T21:41:40Z,1,
18104,done,200,125947,2026-08-19T21:39:49Z,1,
18966,done,200,117983,2026-08-19T21:40:37Z,1,
18974,done,200,138083,2026-08-19T21:39:12Z,1,
19020,done,200,132606,2026-08-19T21:38:54Z,1,
19067,done,200,134363,2026-08-19T21:36:07Z,1,
19083,done,200,136423,2026-08-19T21:40:54Z,1,
19111,done,200,143865,2026-08-19T21:37:38Z,1,
19120,done,200,137779,2026-08-19T21:36:06Z,1,
19124,done,200,142031,2026-08-19T21:36:43Z,1,
19143,done,200,162734,2026-08-19T21:38:32Z,1,
19148,done,200,145119,2026-08-19T21:37:59Z,1,
19320,done,200,146297,2026-08-19T21:37:18Z,1,
19335,done,200,143080,2026-08-19T21:36:30Z,1,
19380,done,200,130702,2026-08-19T21:36:57Z,1,
19382,done,200,140899,2026-08-19T21:37:02Z,1,
19403,done,200,136520,2026-08-19T21:38:01Z,1,
19446,done,200,137060,2026-08-19T21:36:22Z,1,
19460,done,200,151628,2026-08-19T21:39:57Z,1,
19464,done,200,148686,2026-08-19T21:40:37Z,1,
19701,done,200,115467,2026-08-19T21:38:39Z,1,
19702,done,200,127079,2026-08-19T21:39:21Z,1,
19709,done,200,135734,2026-08-19T21:36:51Z,1,
19711,done,200,137847,2026-08-19T21:40:09Z,1,
19720,done,200,137698,2026-08-19T21:36:41Z,1,
19808,done,200,131458,2026-08-19T21:40:17Z,1,
19958,done,200,150198,2026-08-19T21:41:02Z,1,
19966,done,200,138941,2026-08-19T21:40:04Z,1,
20002,done,200,168459,2026-08-19T21:39:30Z,1,
20110,done,200,135519,2026-08-19T21:41:40Z,1,
20147,done,200,133961,2026-08-19T21:35:58Z,1,
20148,done,200,137529,2026-08-19T21:36:21Z,1,
20176,done,200,138720,2026-08-19T21:39:24Z,1,
20735,done,200,128273,2026-08-19T21:40:28Z,1,
20744,done,200,142368,2026-08-19T21:36:23Z,1,
20772,done,200,160694,2026-08-19T21:35:56Z,1,
20774,done,200,145722,2026-08-19T21:36:31Z,1,
20854,done,200,148350,2026-08-19T21:37:05Z,1,
20878,done,200,146868,2026-08-19T21:35:59Z,1,
20902,done,200,140947,2026-08-19T21:41:40Z,1,
21042,done,200,136596,2026-08-19T21:39:36Z,1,
21043,done,200,126105,2026-08-19T21:41:45Z,1,
21060,done,200,138056,2026-08-19T21:41:01Z,1,
21061,done,200,135748,2026-08-19T21:40:07Z,1,
21093,done,200,142717,2026-08-19T21:40:17Z,1,
21117,done,200,137033,2026-08-19T21:39:15Z,1,
21207,done,200,139573,2026-08-19T21:40:56Z,1,
21222,done,200,130454,2026-08-19T21:37:45Z,1,
21234,done,200,136826,2026-08-19T21:35:38Z,1,
21502,done,200,146758,2026-08-19T21:41:38Z,1,
21701,done,200,138726,2026-08-19T21:41:10Z,1,
21740,done,200,162900,2026-08-19T21:38:12Z,1,
21921,done,200,131041,2026-08-19T21:40:58Z,1,
22003,done,200,147008,2026-08-19T21:38:53Z,1,
22015,done,200,129771,2026-08-19T21:39:52Z,1,
22030,done,200,143697,2026-08-19T21:40:16Z,1,
22191,done,200,144932,2026-08-19T21:37:27Z,1,
22192,done,200,139229,2026-08-19T21:36:35Z,1,
22193,done,200,134006,2026-08-19T21:35:13Z,1,
22407,done,200,138357,2026-08-19T21:35:53Z,1,
22554,done,200,144977,2026-08-19T21:36:26Z,1,
23111,done,200,109154,2026-08-19T21:41:15Z,1,
23112,done,200,128495,2026-08-19T21:35:56Z,1,
23185,done,200,154100,2026-08-19T21:37:33Z,1,
23188,done,200,148545,2026-08-19T21:38:06Z,1,
23320,done,200,140849,2026-08-19T21:36:18Z,1,
23322,done,200,137692,2026-08-19T21:35:18Z,1,
23323,done,200,132536,2026-08-19T21:40:44Z,1,
23434,done,200,159916,2026-08-19T21:38:29Z,1,
23451,done,200,159369,2026-08-19T21:41:52Z,1,
23452,done,200,137334,2026-08-19T21:37:36Z,1,
23454,done,200,149719,2026-08-19T21:37:01Z,1,
23455,done,200,141407,2026-08-19T21:39:32Z,1,
23456,done,200,146877,2026-08-19T21:35:30Z,1,
23462,done,200,129205,2026-08-19T21:37:05Z,1,
23464,done,200,130927,2026-08-19T21:35:14Z,1,
23666,done,200,134414,2026-08-19T21:41:10Z,1,
23832,done,200,119175,2026-08-19T21:40:57Z,1,
26003,done,200,150950,2026-08-19T21:40:09Z,1,
26508,done,200,134957,2026-08-19T21:41:20Z,1,
26554,done,200,133775,2026-08-19T21:39:41Z,1,
27107,done,200,131081,2026-08-19T21:39:26Z,1,
27215,done,200,154291,2026-08-19T21:40:24Z,1,
27265,done,200,125595,2026-08-19T21:37:29Z,1,
27284,done,200,131080,2026-08-19T21:35:55Z,1,
27295,done,200,108691,2026-08-19T21:41:18Z,1,
27320,done,200,132797,2026-08-19T21:40:57Z,1,
27360,done,200,123522,2026-08-19T21:39:02Z,1,
27406,done,200,136066,2026-08-19T21:37:40Z,1,
27410,done,200,132345,2026-08-19T21:36:40Z,1,
27502,done,200,137885,2026-08-19T21:38:23Z,1,
27513,done,200,143721,2026-08-19T21:40:06Z,1,
27516,done,200,164151,2026-08-19T21:40:12Z,1,
27519,done,200,145545,2026-08-19T21:36:13Z,1,
27520,done,200,135780,2026-08-19T21:38:36Z,1,
27526,done,200,149582,2026-08-19T21:35:44Z,1,
27529,done,200,151764,2026-08-19T21:36:55Z,1,
27540,done,200,136112,2026-08-19T21:39:14Z,1,
27587,done,200,153344,2026-08-19T21:34:52Z,1,
27603,done,200,153734,2026-08-19T21:39:01Z,1,
27610,done,200,159637,2026-08-19T21:36:04Z,1,
27613,done,200,134352,2026-08-19T21:39:04Z,1,
27615,done,200,128955,2026-08-19T21:37:51Z,1,
27616,done,200,149868,2026-08-19T21:39:32Z,1,
27703,done,200,152504,2026-08-19T21:36:09Z,1,
27713,done,200,134057,2026-08-19T21:37:06Z,1,
28025,done,200,158580,2026-08-19T21:37:26Z,1,
28027,done,200,155591,2026-08-19T21:35:31Z,1,
28078,done,200,137660,2026-08-19T21:35:23Z,1,
28110,done,200,125947,2026-08-19T21:37:47Z,1,
28117,done,200,141498,2026-08-19T21:39:37Z,1,
28173,done,200,130228,2026-08-19T21:35:37Z,1,
28215,done,200,145884,2026-08-19T21:36:40Z,1,
28216,done,200,141849,2026-08-19T21:41:34Z,1,
28227,done,200,146683,2026-08-19T21:36:59Z,1,
28269,done,200,142590,2026-08-19T21:35:18Z,1,
28277,done,200,135729,2026-08-19T21:35:46Z,1,
28409,done,200,138031,2026-08-19T21:41:25Z,1,
28411,done,200,129120,2026-08-19T21:40:00Z,1,
28451,done,200,136411,2026-08-19T21:37:00Z,1,
28562,done,200,138573,2026-08-19T21:39:31Z,1,
28601,done,200,150813,2026-08-19T21:37:29Z,1,
28645,done,200,141542,2026-08-19T21:38:21Z,1,
28655,done,200,139709,2026-08-19T21:36:23Z,1,
29072,done,200,149679,2026-08-19T21:35:03Z,1,
29073,done,200,133815,2026-08-19T21:36:33Z,1,
29223,done,200,156938,2026-08-19T21:39:14Z,1,
29229,done,200,127637,2026-08-19T21:38:02Z,1,
29349,done,200,131962,2026-08-19T21:40:01Z,1,
29412,done,200,146847,2026-08-19T21:40:34Z,1,
29414,done,200,143367,2026-08-19T21:41:34Z,1,
29445,done,200,128499,2026-08-19T21:36:46Z,1,
29461,done,200,144333,2026-08-19T21:39:43Z,1,
29464,done,200,143912,2026-08-19T21:36:39Z,1,
29466,done,200,144604,2026-08-19T21:37:50Z,1,
29483,done,200,155846,2026-08-19T21:35:53Z,1,
29485,done,200,151996,2026-08-19T21:36:31Z,1,
29486,done,200,140497,2026-08-19T21:37:48Z,1,
29501,done,200,151589,2026-08-19T21:41:48Z,1,
29526,done,200,140326,2026-08-19T21:38:05Z,1,
29576,done,200,151876,2026-08-19T21:37:58Z,1,
29579,done,200,144238,2026-08-19T21:36:58Z,1,
29588,done,200,144944,2026-08-19T21:36:50Z,1,
29621,done,200,144486,2026-08-19T21:38:58Z,1,
29642,done,200,131699,2026-08-19T21:40:55Z,1,
29651,done,200,144451,2026-08-19T21:36:02Z,1,
29681,done,200,142143,2026-08-19T21:35:11Z,1,
29687,done,200,142425,2026-08-19T21:39:07Z,1,
29707,done,200,129525,2026-08-19T21:39:09Z,1,
29708,done,200,120769,2026-08-19T21:40:56Z,1,
29710,done,200,142952,2026-08-19T21:41:18Z,1,
29715,done,200,140827,2026-08-19T21:39:28Z,1,
29720,done,200,136370,2026-08-19T21:36:31Z,1,
29730,done,200,140408,2026-08-19T21:37:43Z,1,
29732,done,200,135035,2026-08-19T21:35:47Z,1,
29803,done,200,146870,2026-08-19T21:38:34Z,1,
29910,done,200,143603,2026-08-19T21:37:19Z,1,
30004,done,200,156234,2026-08-19T21:35:24Z,1,
30016,done,200,144448,2026-08-19T21:36:05Z,1,
30019,done,200,142758,2026-08-19T21:39:23Z,1,
30022,done,200,149967,2026-08-19T21:35:39Z,1,
30024,done,200,158770,2026-08-19T21:34:57Z,1,
30039,done,200,146926,2026-08-19T21:39:04Z,1,
30040,done,200,157740,2026-08-19T21:34:56Z,1,
30041,done,200,163136,2026-08-19T21:34:57Z,1,
30043,done,200,147978,2026-08-19T21:35:10Z,1,
30044,done,200,158815,2026-08-19T21:35:15Z,1,
30045,done,200,136131,2026-08-19T21:41:15Z,1,
30047,done,200,152027,2026-08-19T21:36:08Z,1,
30052,done,200,139994,2026-08-19T21:35:05Z,1,
30058,done,200,147966,2026-08-19T21:38:38Z,1,
30062,done,200,142317,2026-08-19T21:35:23Z,1,
30064,done,200,155519,2026-08-19T21:36:47Z,1,
30066,done,200,152462,2026-08-19T21:35:50Z,1,
30075,done,200,145258,2026-08-19T21:35:42Z,1,
30080,done,200,154290,2026-08-19T21:41:38Z,1,
30096,done,200,145382,2026-08-19T21:40:51Z,1,
30101,done,200,157708,2026-08-19T21:36:02Z,1,
30102,done,200,143631,2026-08-19T21:41:01Z,1,
30114,done,200,152937,2026-08-19T21:37:50Z,1,
30115,done,200,142013,2026-08-19T21:36:55Z,1,
30126,done,200,158843,2026-08-19T21:40:11Z,1,
30127,done,200,146500,2026-08-19T21:35:07Z,1,
30132,done,200,149922,2026-08-19T21:38:20Z,1,
30135,done,200,149131,2026-08-19T21:35:45Z,1,
30144,done,200,137631,2026-08-19T21:38:48Z,1,
30152,done,200,133419,2026-08-19T21:39:18Z,1,
30157,done,200,141689,2026-08-19T21:37:21Z,1,
30188,done,200,154877,2026-08-19T21:35:08Z,1,
30189,done,200,134451,2026-08-19T21:41:39Z,1,
30228,done,200,149657,2026-08-19T21:39:48Z,1,
30252,done,200,134865,2026-08-19T21:38:08Z,1,
30253,done,200,162097,2026-08-19T21:38:57Z,1,
30263,done,200,155507,2026-08-19T21:36:53Z,1,
30281,done,200,154284,2026-08-19T21:36:01Z,1,
30331,done,200,165015,2026-08-19T21:39:46Z,1,
30349,done,200,164717,2026-08-19T21:35:32Z,1,
30506,done,200,161044,2026-08-19T21:38:05Z,1,
30518,done,200,160681,2026-08-19T21:38:07Z,1,
30519,done,200,143804,2026-08-19T21:38:37Z,1,
30680,done,200,152149,2026-08-19T21:39:09Z,1,
30721,done,200,144603,2026-08-19T21:40:41Z,1,
30736,done,200,150883,2026-08-19T21:38:22Z,1,
30809,done,200,140933,2026-08-19T21:37:23Z,1,
30907,done,200,137338,2026-08-19T21:40:10Z,1,
31088,done,200,138005,2026-08-19T21:38:22Z,1,
31419,done,200,140525,2026-08-19T21:39:42Z,1,
31907,done,200,134761,2026-08-19T21:38:40Z,1,
32034,done,200,166028,2026-08-19T21:36:55Z,1,
32068,done,200,149557,2026-08-19T21:36:15Z,1,
32092,done,200,160841,2026-08-19T21:37:08Z,1,
32137,done,200,165634,2026-08-19T21:35:39Z,1,
32159,done,200,138172,2026-08-19T21:38:30Z,1,
32162,done,200,91469,2026-08-19T21:34:47Z,1,
32163,done,200,64498,2026-08-19T21:36:27Z,1,
32164,done,200,150883,2026-08-19T21:36:21Z,1,
32174,done,200,159591,2026-08-19T21:35:19Z,1,
32210,done,200,161048,2026-08-19T21:37:14Z,1,
32218,done,200,151526,2026-08-19T21:36:16Z,1,
32225,done,200,153434,2026-08-19T21:37:13Z,1,
32244,done,200,154213,2026-08-19T21:38:29Z,1,
32246,done,200,153150,2026-08-19T21:38:20Z,1,
32259,done,200,144379,2026-08-19T21:35:15Z,1,
32526,done,200,153565,2026-08-19T21:39:00Z,1,
32566,done,200,162666,2026-08-19T21:39:11Z,1,
32571,done,200,127714,2026-08-19T21:40:21Z,1,
32703,done,200,163975,2026-08-19T21:38:00Z,1,
32708,done,200,152397,2026-08-19T21:37:53Z,1,
32712,done,200,150108,2026-08-19T21:37:58Z,1,
32724,done,200,170900,2026-08-19T21:39:29Z,1,
32725,done,200,128298,2026-08-19T21:37:32Z,1,
32738,done,200,102345,2026-08-19T21:38:44Z,1,
32746,done,200,147739,2026-08-19T21:40:21Z,1,
32765,done,200,167727,2026-08-19T21:36:30Z,1,
32771,done,200,158622,2026-08-19T21:38:15Z,1,
32780,done,200,154889,2026-08-19T21:41:52Z,1,
32824,done,200,156166,2026-08-19T21:39:30Z,1,
32825,done,200,148636,2026-08-19T21:38:46Z,1,
32828,done,200,159121,2026-08-19T21:36:27Z,1,
32907,done,200,134647,2026-08-19T21:37:40Z,1,
32940,done,200,159026,2026-08-19T21:35:54Z,1,
32955,done,200,151463,2026-08-19T21:39:38Z,1,
33012,done,200,151759,2026-08-19T21:40:40Z,1,
33018,done,200,126647,2026-08-19T21:39:41Z,1,
33023,done,200,153349,2026-08-19T21:38:16Z,1,
33024,done,200,165108,2026-08-19T21:36:29Z,1,
33025,done,200,137167,2026-08-19T21:38:52Z,1,
33029,done,200,134466,2026-08-19T21:40:19Z,1,
33064,done,200,172349,2026-08-19T21:37:12Z,1,
33068,done,200,143833,2026-08-19T21:41:49Z,1,
33160,done,200,152483,2026-08-19T21:41:11Z,1,
33165,done,200,152330,2026-08-19T21:39:42Z,1,
33175,done,200,145836,2026-08-19T21:38:42Z,1,
33176,done,200,140461,2026-08-19T21:40:57Z,1,
33177,done,200,148972,2026-08-19T21:39:40Z,1,
33186,done,200,136238,2026-08-19T21:36:19Z,1,
33196,done,200,142708,2026-08-19T21:41:51Z,1,
33311,done,200,166265,2026-08-19T21:41:29Z,1,
33312,done,200,175248,2026-08-19T21:41:08Z,1,
33319,done,200,124072,2026-08-19T21:37:59Z,1,
33322,done,200,117347,2026-08-19T21:36:50Z,1,
33411,done,200,149688,2026-08-19T21:35:01Z,1,
33414,done,200,161436,2026-08-19T21:37:03Z,1,
33418,done,200,144462,2026-08-19T21:37:42Z,1,
33433,done,200,149382,2026-08-19T21:37:31Z,1,
33436,done,200,150764,2026-08-19T21:37:06Z,1,
33437,done,200,124819,2026-08-19T21:36:43Z,1,
33458,done,200,148906,2026-08-19T21:36:35Z,1,
33463,done,200,165870,2026-08-19T21:37:10Z,1,
33511,done,200,148721,2026-08-19T21:40:16Z,1,
33573,done,200,137962,2026-08-19T21:39:34Z,1,
33578,done,200,159688,2026-08-19T21:38:06Z,1,
33579,done,200,123380,2026-08-19T21:41:01Z,1,
33647,done,200,137755,2026-08-19T21:36:20Z,1,
33710,done,200,155183,2026-08-19T21:40:46Z,1,
33810,done,200,157263,2026-08-19T21:37:10Z,1,
33837,done,200,180620,2026-08-19T21:40:02Z,1,
33844,done,200,168732,2026-08-19T21:41:20Z,1,
33908,done,200,161260,2026-08-19T21:37:36Z,1,
33917,done,200,165585,2026-08-19T21:40:04Z,1,
33928,done,200,151876,2026-08-19T21:40:34Z,1,
34119,done,200,148317,2026-08-19T21:40:48Z,1,
34120,done,200,139345,2026-08-19T21:39:07Z,1,
34135,done,200,148986,2026-08-19T21:36:12Z,1,
34203,done,200,162386,2026-08-19T21:40:13Z,1,
34221,done,200,164440,2026-08-19T21:36:12Z,1,
34293,done,200,156706,2026-08-19T21:35:08Z,1,
34481,done,200,140136,2026-08-19T21:40:43Z,1,
34491,done,200,138937,2026-08-19T21:40:30Z,1,
34609,done,200,127942,2026-08-19T21:37:46Z,1,
34655,done,200,136715,2026-08-19T21:37:14Z,1,
34667,done,200,162069,2026-08-19T21:41:41Z,1,
34668,done,200,149385,2026-08-19T21:39:08Z,1,
34698,done,200,164000,2026-08-19T21:39:23Z,1,
34711,done,200,161793,2026-08-19T21:35:19Z,1,
34744,done,200,164892,2026-08-19T21:37:54Z,1,
34746,done,200,188243,2026-08-19T21:38:55Z,1,
34748,done,200,167811,2026-08-19T21:36:42Z,1,
34759,done,200,146085,2026-08-19T21:41:44Z,1,
34787,done,200,169540,2026-08-19T21:34:58Z,1,
34952,done,200,143231,2026-08-19T21:39:15Z,1,
34953,done,200,136584,2026-08-19T21:34:55Z,1,
34983,done,200,122106,2026-08-19T21:37:57Z,1,
34997,done,200,158436,2026-08-19T21:36:25Z,1,
35226,done,200,136128,2026-08-19T21:41:36Z,1,
35242,done,200,137966,2026-08-19T21:35:45Z,1,
35758,done,200,146283,2026-08-19T21:38:17Z,1,
36117,done,200,135898,2026-08-19T21:38:28Z,1,
36532,done,200,141218,2026-08-19T21:39:55Z,1,
36535,done,200,152913,2026-08-19T21:38:37Z,1,
36695,done,200,115102,2026-08-19T21:38:12Z,1,
37013,done,200,156952,2026-08-19T21:35:06Z,1,
37027,done,200,157516,2026-08-19T21:35:25Z,1,
37040,done,200,158506,2026-08-19T21:38:30Z,1,
37042,done,200,168591,2026-08-19T21:35:16Z,1,
37043,done,200,166146,2026-08-19T21:37:11Z,1,
37064,done,200,167041,2026-08-19T21:35:24Z,1,
37066,done,200,155579,2026-08-19T21:36:28Z,1,
37075,done,200,143360,2026-08-19T21:35:09Z,1,
37087,done,200,161486,2026-08-19T21:37:35Z,1,
37122,done,200,149427,2026-08-19T21:35:21Z,1,
37128,done,200,133309,2026-08-19T21:35:33Z,1,
37129,done,200,149238,2026-08-19T21:36:49Z,1,
37167,done,200,147320,2026-08-19T21:38:16Z,1,
37174,done,200,147845,2026-08-19T21:37:48Z,1,
37211,done,200,162777,2026-08-19T21:36:57Z,1,
37221,done,200,153836,2026-08-19T21:38:50Z,1,
37343,done,200,146430,2026-08-19T21:38:04Z,1,
37363,done,200,151413,2026-08-19T21:40:54Z,1,
37421,done,200,153568,2026-08-19T21:38:35Z,1,
37620,done,200,148755,2026-08-19T21:41:23Z,1,
37918,done,200,152525,2026-08-19T21:39:32Z,1,
37922,done,200,128582,2026-08-19T21:40:29Z,1,
38002,done,200,122509,2026-08-19T21:39:55Z,1,
38017,done,200,137623,2026-08-19T21:36:28Z,1,
38305,done,200,129681,2026-08-19T21:38:02Z,1,
38401,done,200,165466,2026-08-19T21:35:26Z,1,
38654,done,200,122436,2026-08-19T21:35:41Z,1,
39042,done,200,121734,2026-08-19T21:41:30Z,1,
39047,done,200,135369,2026-08-19T21:38:45Z,1,
39110,done,200,110982,2026-08-19T21:36:18Z,1,
39503,done,200,136031,2026-08-19T21:37:55Z,1,
39564,done,200,161241,2026-08-19T21:39:27Z,1,
40165,done,200,124836,2026-08-19T21:41:04Z,1,
40216,done,200,130261,2026-08-19T21:41:32Z,1,
40245,done,200,127442,2026-08-19T21:41:49Z,1,
40291,done,200,130401,2026-08-19T21:40:03Z,1,
40299,done,200,128975,2026-08-19T21:40:03Z,1,
40324,done,200,134133,2026-08-19T21:38:27Z,1,
40356,done,200,139257,2026-08-19T21:40:53Z,1,
40475,done,200,161228,2026-08-19T21:36:47Z,1,
40509,done,200,140598,2026-08-19T21:41:45Z,1,
40601,done,200,154096,2026-08-19T21:37:19Z,1,
41017,done,200,131844,2026-08-19T21:40:18Z,1,
41042,done,200,123104,2026-08-19T21:36:48Z,1,
42701,done,200,166381,2026-08-19T21:38:20Z,1,
43015,done,200,165340,2026-08-19T21:36:45Z,1,
43026,done,200,132601,2026-08-19T21:35:48Z,1,
43055,done,200,143016,2026-08-19T21:36:49Z,1,
43065,done,200,128485,2026-08-19T21:37:19Z,1,
43068,done,200,135880,2026-08-19T21:37:56Z,1,
43123,done,200,135898,2026-08-19T21:35:17Z,1,
43130,done,200,143993,2026-08-19T21:36:10Z,1,
43147,done,200,117793,2026-08-19T21:38:47Z,1,
43230,done,200,116462,2026-08-19T21:37:10Z,1,
43302,done,200,137077,2026-08-19T21:39:18Z,1,
43551,done,200,125607,2026-08-19T21:40:46Z,1,
43701,done,200,142744,2026-08-19T21:37:22Z,1,
44035,done,200,150161,2026-08-19T21:35:58Z,1,
44039,done,200,107007,2026-08-19T21:40:02Z,1,
44060,done,200,136871,2026-08-19T21:35:03Z,1,
44077,done,200,136741,2026-08-19T21:35:47Z,1,
44107,done,200,157458,2026-08-19T21:41:14Z,1,
44130,done,200,121590,2026-08-19T21:37:25Z,1,
44134,done,200,120953,2026-08-19T21:39:38Z,1,
44203,done,200,135156,2026-08-19T21:41:28Z,1,
44212,done,200,112975,2026-08-19T21:37:57Z,1,
44256,done,200,133855,2026-08-19T21:35:04Z,1,
44646,done,200,140092,2026-08-19T21:39:01Z,1,
44691,done,200,128501,2026-08-19T21:39:16Z,1,
44720,done,200,130078,2026-08-19T21:40:42Z,1,
45011,done,200,133105,2026-08-19T21:35:13Z,1,
45013,done,200,120632,2026-08-19T21:37:02Z,1,
45040,done,200,132078,2026-08-19T21:36:05Z,1,
45044,done,200,140809,2026-08-19T21:39:53Z,1,
45069,done,200,126112,2026-08-19T21:36:11Z,1,
45140,done,200,126029,2026-08-19T21:35:41Z,1,
45231,done,200,120662,2026-08-19T21:40:33Z,1,
45238,done,200,116073,2026-08-19T21:41:16Z,1,
45424,done,200,130646,2026-08-19T21:36:41Z,1,
45601,done,200,132539,2026-08-19T21:37:00Z,1,
45840,done,200,138236,2026-08-19T21:36:53Z,1,
46033,done,200,118464,2026-08-19T21:40:10Z,1,
46037,done,200,131271,2026-08-19T21:38:28Z,1,
46038,done,200,123597,2026-08-19T21:41:42Z,1,
46060,done,200,135354,2026-08-19T21:40:33Z,1,
46074,done,200,139155,2026-08-19T21:38:31Z,1,
46112,done,200,121957,2026-08-19T21:40:20Z,1,
46123,done,200,129813,2026-08-19T21:40:07Z,1,
46140,done,200,139182,2026-08-19T21:39:38Z,1,
46143,done,200,138402,2026-08-19T21:36:32Z,1,
46237,done,200,117258,2026-08-19T21:41:13Z,1,
46307,done,200,135989,2026-08-19T21:34:59Z,1,
46350,done,200,157856,2026-08-19T21:38:19Z,1,
46360,done,200,169405,2026-08-19T21:39:59Z,1,
46385,done,200,141499,2026-08-19T21:38:32Z,1,
46514,done,200,130020,2026-08-19T21:41:12Z,1,
47130,done,200,144369,2026-08-19T21:37:16Z,1,
47150,done,200,145918,2026-08-19T21:39:40Z,1,
47374,done,200,143531,2026-08-19T21:40:54Z,1,
47630,done,200,132452,2026-08-19T21:40:35Z,1,
47906,done,200,139255,2026-08-19T21:41:36Z,1,
47909,done,200,124575,2026-08-19T21:41:26Z,1,
48044,done,200,121518,2026-08-19T21:35:40Z,1,
48047,done,200,115167,2026-08-19T21:39:24Z,1,
48066,done,200,130103,2026-08-19T21:38:25Z,1,
48103,done,200,167834,2026-08-19T21:36:25Z,1,
48154,done,200,111510,2026-08-19T21:38:40Z,1,
48170,done,200,136394,2026-08-19T21:38:26Z,1,
48178,done,200,134440,2026-08-19T21:39:39Z,1,
48183,done,200,127487,2026-08-19T21:38:51Z,1,
48188,done,200,129190,2026-08-19T21:38:35Z,1,
48197,done,200,166134,2026-08-19T21:37:22Z,1,
48310,done,200,123641,2026-08-19T21:41:32Z,1,
48439,done,200,131621,2026-08-19T21:36:26Z,1,
48706,done,200,127125,2026-08-19T21:39:16Z,1,
48843,done,200,132205,2026-08-19T21:37:41Z,1,
49201,done,200,148956,2026-08-19T21:40:22Z,1,
49341,done,200,130435,2026-08-19T21:38:58Z,1,
49423,done,200,136956,2026-08-19T21:39:05Z,1,
49426,done,200,128946,2026-08-19T21:41:00Z,1,
50023,done,200,131035,2026-08-19T21:40:39Z,1,
52302,done,200,135193,2026-08-19T21:38:49Z,1,
52402,done,200,126893,2026-08-19T21:40:47Z,1,
52404,done,200,145739,2026-08-19T21:40:40Z,1,
52722,done,200,138149,2026-08-19T21:40:05Z,1,
53066,done,200,123589,2026-08-19T21:41:35Z,1,
53511,done,200,141948,2026-08-19T21:41:14Z,1,
53590,done,200,140723,2026-08-19T21:41:05Z,1,
53711,done,200,143038,2026-08-19T21:37:55Z,1,
54115,done,200,126786,2026-08-19T21:39:17Z,1,
54220,done,200,125483,2026-08-19T21:40:36Z,1,
54601,done,200,144064,2026-08-19T21:41:42Z,1,
55016,done,200,128274,2026-08-19T21:40:28Z,1,
55044,done,200,137813,2026-08-19T21:35:22Z,1,
55106,done,200,152585,2026-08-19T21:41:53Z,1,
55110,done,200,143903,2026-08-19T21:40:52Z,1,
55112,done,200,139592,2026-08-19T21:40:59Z,1,
55113,done,200,140807,2026-08-19T21:41:05Z,1,
55124,done,200,145146,2026-08-19T21:36:34Z,1,
55125,done,200,138044,2026-08-19T21:38:47Z,1,
55303,done,200,129287,2026-08-19T21:37:01Z,1,
55304,done,200,131015,2026-08-19T21:36:24Z,1,
55311,done,200,127436,2026-08-19T21:40:53Z,1,
55330,done,200,129298,2026-08-19T21:38:28Z,1,
55337,done,200,130022,2026-08-19T21:39:30Z,1,
55369,done,200,125803,2026-08-19T21:39:45Z,1,
55901,done,200,140919,2026-08-19T21:36:58Z,1,
57106,done,200,155512,2026-08-19T21:39:35Z,1,
59102,done,200,162161,2026-08-19T21:37:38Z,1,
59901,done,200,170499,2026-08-19T21:35:47Z,1,
60004,done,200,126165,2026-08-19T21:36:36Z,1,
60010,done,200,137873,2026-08-19T21:37:20Z,1,
60014,done,200,142273,2026-08-19T21:37:43Z,1,
60016,done,200,139599,2026-08-19T21:36:14Z,1,
60025,done,200,133792,2026-08-19T21:39:49Z,1,
60030,done,200,131757,2026-08-19T21:41:23Z,1,
60047,done,200,129220,2026-08-19T21:38:17Z,1,
60056,done,200,126575,2026-08-19T21:36:45Z,1,
60062,done,200,134669,2026-08-19T21:38:50Z,1,
60067,done,200,136797,2026-08-19T21:41:42Z,1,
60068,done,200,134745,2026-08-19T21:39:25Z,1,
60073,done,200,134863,2026-08-19T21:36:38Z,1,
60085,done,200,146663,2026-08-19T21:41:07Z,1,
60089,done,200,129274,2026-08-19T21:39:10Z,1,
60103,done,200,128929,2026-08-19T21:39:22Z,1,
60107,done,200,121450,2026-08-19T21:41:54Z,1,
60123,done,200,150735,2026-08-19T21:40:05Z,1,
60137,done,200,139738,2026-08-19T21:41:36Z,1,
60148,done,200,140295,2026-08-19T21:37:21Z,1,
60193,done,200,120943,2026-08-19T21:41:28Z,1,
60402,done,200,133527,2026-08-19T21:37:07Z,1,
60411,done,200,154298,2026-08-19T21:40:47Z,1,
60435,done,200,136651,2026-08-19T21:39:50Z,1,
60440,done,200,125002,2026-08-19T21:39:10Z,1,
60451,done,200,112920,2026-08-19T21:41:43Z,1,
60453,done,200,130388,2026-08-19T21:35:36Z,1,
60462,done,200,117312,2026-08-19T21:38:10Z,1,
60477,done,200,115866,2026-08-19T21:39:34Z,1,
60506,done,200,144574,2026-08-19T21:41:09Z,1,
60543,done,200,136220,2026-08-19T21:40:25Z,1,
60564,done,200,133756,2026-08-19T21:38:15Z,1,
60565,done,200,130300,2026-08-19T21:40:26Z,1,
60586,done,200,103919,2026-08-19T21:38:44Z,1,
60608,done,200,162680,2026-08-19T21:40:42Z,1,
60614,done,200,160170,2026-08-19T21:36:37Z,1,
60617,done,200,153789,2026-08-19T21:35:54Z,1,
60618,done,200,153102,2026-08-19T21:35:29Z,1,
60619,done,200,156378,2026-08-19T21:40:37Z,1,
60620,done,200,142799,2026-08-19T21:39:27Z,1,
60625,done,200,152669,2026-08-19T21:39:36Z,1,
60629,done,200,145251,2026-08-19T21:35:05Z,1,
60630,done,200,145718,2026-08-19T21:37:04Z,1,
60632,done,200,136690,2026-08-19T21:36:34Z,1,
60634,done,200,144046,2026-08-19T21:35:11Z,1,
60638,done,200,150010,2026-08-19T21:35:59Z,1,
60639,done,200,141411,2026-08-19T21:39:42Z,1,
60640,done,200,155352,2026-08-19T21:41:21Z,1,
60641,done,200,152793,2026-08-19T21:38:42Z,1,
60643,done,200,141485,2026-08-19T21:38:41Z,1,
60647,done,200,157076,2026-08-19T21:37:12Z,1,
60657,done,200,162017,2026-08-19T21:36:59Z,1,
60804,done,200,140243,2026-08-19T21:38:23Z,1,
61265,done,200,134758,2026-08-19T21:40:00Z,1,
61554,done,200,125779,2026-08-19T21:40:14Z,1,
62040,done,200,127600,2026-08-19T21:39:59Z,1,
62704,done,200,139153,2026-08-19T21:41:51Z,1,
63011,done,200,119999,2026-08-19T21:40:48Z,1,
63017,done,200,119962,2026-08-19T21:38:24Z,1,
63021,done,200,126574,2026-08-19T21:35:43Z,1,
63026,done,200,130189,2026-08-19T21:38:33Z,1,
63122,done,200,136239,2026-08-19T21:38:14Z,1,
63123,done,200,129579,2026-08-19T21:36:21Z,1,
63129,done,200,120088,2026-08-19T21:36:05Z,1,
63301,done,200,137083,2026-08-19T21:37:09Z,1,
63303,done,200,128605,2026-08-19T21:36:44Z,1,
63304,done,200,126979,2026-08-19T21:37:36Z,1,
63366,done,200,131417,2026-08-19T21:36:06Z,1,
63368,done,200,132263,2026-08-19T21:38:09Z,1,
63376,done,200,133427,2026-08-19T21:34:49Z,1,
63385,done,200,129371,2026-08-19T21:36:58Z,1,
65202,done,200,136119,2026-08-19T21:40:44Z,1,
65203,done,200,143751,2026-08-19T21:36:17Z,1,
65807,done,200,135928,2026-08-19T21:39:56Z,1,
66061,done,200,141653,2026-08-19T21:35:32Z,1,
66062,done,200,134337,2026-08-19T21:35:05Z,1,
67212,done,200,118717,2026-08-19T21:41:35Z,1,
67401,done,200,136670,2026-08-19T21:38:26Z,1,
68516,done,200,133183,2026-08-19T21:38:55Z,1,
70065,done,200,151208,2026-08-19T21:39:44Z,1,
70301,done,200,144356,2026-08-19T21:37:30Z,1,
70433,done,200,156685,2026-08-19T21:41:16Z,1,
70726,done,200,133185,2026-08-19T21:36:10Z,1,
70737,done,200,130255,2026-08-19T21:36:51Z,1,
70769,done,200,125168,2026-08-19T21:37:15Z,1,
71913,done,200,158105,2026-08-19T21:38:10Z,1,
73012,done,200,129845,2026-08-19T21:39:40Z,1,
73013,done,200,127028,2026-08-19T21:36:07Z,1,
73034,done,200,135921,2026-08-19T21:39:23Z,1,
73099,done,200,126283,2026-08-19T21:34:54Z,1,
73160,done,200,122015,2026-08-19T21:36:33Z,1,
73170,done,200,97817,2026-08-19T21:38:39Z,1,
74012,done,200,129330,2026-08-19T21:36:08Z,1,
74014,done,200,109599,2026-08-19T21:39:13Z,1,
74055,done,200,117935,2026-08-19T21:38:54Z,1,
75002,done,200,140966,2026-08-19T21:35:30Z,1,
75007,done,200,130147,2026-08-19T21:38:07Z,1,
75023,done,200,133728,2026-08-19T21:41:09Z,1,
75025,done,200,114062,2026-08-19T21:39:58Z,1,
75028,done,200,119720,2026-08-19T21:37:39Z,1,
75035,done,200,134070,2026-08-19T21:35:02Z,1,
75040,done,200,134441,2026-08-19T21:37:56Z,1,
75043,done,200,150826,2026-08-19T21:38:56Z,1,
75052,done,200,138783,2026-08-19T21:35:12Z,1,
75056,done,200,150829,2026-08-19T21:36:16Z,1,
75068,done,200,165050,2026-08-19T21:35:29Z,1,
75070,done,200,131215,2026-08-19T21:40:43Z,1,
75071,done,200,149466,2026-08-19T21:35:52Z,1,
75072,done,200,137469,2026-08-19T21:37:37Z,1,
75078,done,200,137200,2026-08-19T21:40:36Z,1,
75087,done,200,144484,2026-08-19T21:41:43Z,1,
75093,done,200,143140,2026-08-19T21:41:30Z,1,
75098,done,200,155924,2026-08-19T21:36:13Z,1,
75104,done,200,146195,2026-08-19T21:41:47Z,1,
75115,done,200,136572,2026-08-19T21:37:08Z,1,
75126,done,200,134715,2026-08-19T21:35:21Z,1,
75149,done,200,138333,2026-08-19T21:38:42Z,1,
75150,done,200,128644,2026-08-19T21:41:13Z,1,
75154,done,200,119864,2026-08-19T21:38:03Z,1,
75165,done,200,136197,2026-08-19T21:40:50Z,1,
75189,done,200,147580,2026-08-19T21:39:11Z,1,
75211,done,200,143388,2026-08-19T21:40:29Z,1,
75217,done,200,128824,2026-08-19T21:37:53Z,1,
75228,done,200,146290,2026-08-19T21:41:11Z,1,
76028,done,200,158430,2026-08-19T21:35:09Z,1,
76063,done,200,154711,2026-08-19T21:35:20Z,1,
76065,done,200,146617,2026-08-19T21:41:24Z,1,
76131,done,200,124464,2026-08-19T21:38:59Z,1,
76133,done,200,129937,2026-08-19T21:41:22Z,1,
76137,done,200,133415,2026-08-19T21:39:00Z,1,
76179,done,200,142665,2026-08-19T21:35:14Z,1,
76210,done,200,131004,2026-08-19T21:40:32Z,1,
76226,done,200,143968,2026-08-19T21:39:52Z,1,
76227,done,200,140639,2026-08-19T21:36:37Z,1,
76244,done,200,139883,2026-08-19T21:35:48Z,1,
76248,done,200,141499,2026-08-19T21:41:50Z,1,
76502,done,200,157634,2026-08-19T21:41:25Z,1,
76542,done,200,155599,2026-08-19T21:39:31Z,1,
77044,done,200,154352,2026-08-19T21:39:20Z,1,
77083,done,200,127759,2026-08-19T21:37:09Z,1,
77084,done,200,153166,2026-08-19T21:35:00Z,1,
77089,done,200,109744,2026-08-19T21:40:10Z,1,
77095,done,200,127576,2026-08-19T21:35:34Z,1,
77346,done,200,139357,2026-08-19T21:35:02Z,1,
77365,done,200,155785,2026-08-19T21:41:27Z,1,
77373,done,200,145025,2026-08-19T21:36:09Z,1,
77375,done,200,151852,2026-08-19T21:35:49Z,1,
77379,done,200,144967,2026-08-19T21:35:00Z,1,
77386,done,200,141461,2026-08-19T21:35:40Z,1,
77388,done,200,138323,2026-08-19T21:40:14Z,1,
77396,done,200,143154,2026-08-19T21:39:05Z,1,
77406,done,200,150641,2026-08-19T21:35:27Z,1,
77407,done,200,119155,2026-08-19T21:35:21Z,1,
77429,done,200,163993,2026-08-19T21:34:48Z,1,
77433,done,200,159953,2026-08-19T21:34:48Z,1,
77449,done,200,160960,2026-08-19T21:34:47Z,1,
77450,done,200,126933,2026-08-19T21:35:42Z,1,
77459,done,200,157832,2026-08-19T21:34:55Z,1,
77469,done,200,163309,2026-08-19T21:35:35Z,1,
77479,done,200,145775,2026-08-19T21:34:50Z,1,
77493,done,200,156277,2026-08-19T21:37:04Z,1,
77494,done,200,170628,2026-08-19T21:31:48Z,1,
77498,done,200,129973,2026-08-19T21:40:51Z,1,
77511,done,200,154676,2026-08-19T21:40:01Z,1,
77521,done,200,146776,2026-08-19T21:37:54Z,1,
77539,done,200,161922,2026-08-19T21:39:22Z,1,
77546,done,200,134718,2026-08-19T21:37:41Z,1,
77573,done,200,140296,2026-08-19T21:34:47Z,1,
77581,done,200,144254,2026-08-19T21:38:27Z,1,
77583,done,200,153455,2026-08-19T21:40:23Z,1,
77584,done,200,135850,2026-08-19T21:34:54Z,1,
77845,done,200,149131,2026-08-19T21:35:28Z,1,
78006,done,200,142701,2026-08-19T21:41:24Z,1,
78028,done,200,160377,2026-08-19T21:41:19Z,1,
78045,done,200,144184,2026-08-19T21:36:24Z,1,
78046,done,200,150943,2026-08-19T21:37:25Z,1,
78108,done,200,123996,2026-08-19T21:39:11Z,1,
78109,done,200,145131,2026-08-19T21:37:46Z,1,
78130,done,200,171372,2026-08-19T21:34:51Z,1,
78132,done,200,162196,2026-08-19T21:39:58Z,1,
78155,done,200,170991,2026-08-19T21:37:17Z,1,
78223,done,200,140287,2026-08-19T21:41:50Z,1,
78245,done,200,150055,2026-08-19T21:34:58Z,1,
78247,done,200,133034,2026-08-19T21:37:28Z,1,
78249,done,200,138703,2026-08-19T21:41:41Z,1,
78250,done,200,131946,2026-08-19T21:37:34Z,1,
78253,done,200,146902,2026-08-19T21:35:49Z,1,
78254,done,200,132212,2026-08-19T21:35:08Z,1,
78414,done,200,150502,2026-08-19T21:40:31Z,1,
78504,done,200,160331,2026-08-19T21:38:41Z,1,
78520,done,200,168302,2026-08-19T21:41:33Z,1,
78521,done,200,156325,2026-08-19T21:36:15Z,1,
78542,done,200,146721,2026-08-19T21:35:51Z,1,
78572,done,200,180099,2026-08-19T21:35:22Z,1,
78574,done,200,153298,2026-08-19T21:38:30Z,1,
78577,done,200,149643,2026-08-19T21:38:25Z,1,
78610,done,200,150572,2026-08-19T21:38:31Z,1,
78613,done,200,152185,2026-08-19T21:34:59Z,1,
78628,done,200,160324,2026-08-19T21:39:33Z,1,
78633,done,200,140186,2026-08-19T21:39:18Z,1,
78634,done,200,151749,2026-08-19T21:41:37Z,1,
78640,done,200,161800,2026-08-19T21:35:44Z,1,
78641,done,200,176492,2026-08-19T21:34:49Z,1,
78660,done,200,158858,2026-08-19T21:33:30Z,1,
78664,done,200,142803,2026-08-19T21:39:51Z,1,
78665,done,200,129690,2026-08-19T21:37:05Z,1,
78666,done,200,174583,2026-08-19T21:39:19Z,1,
78681,done,200,142433,2026-08-19T21:36:53Z,1,
78745,done,200,163783,2026-08-19T21:37:27Z,1,
78748,done,200,149914,2026-08-19T21:37:51Z,1,
79423,done,200,150651,2026-08-19T21:40:27Z,1,
79424,done,200,139410,2026-08-19T21:37:03Z,1,
79705,done,200,153669,2026-08-19T21:38:53Z,1,
79912,done,200,154994,2026-08-19T21:35:59Z,1,
79924,done,200,127807,2026-08-19T21:38:52Z,1,
79928,done,200,138815,2026-08-19T21:35:04Z,1,
79936,done,200,141723,2026-08-19T21:34:51Z,1,
79938,done,200,137010,2026-08-19T21:34:53Z,1,
80013,done,200,137330,2026-08-19T21:35:14Z,1,
80015,done,200,143076,2026-08-19T21:35:10Z,1,
80016,done,200,141862,2026-08-19T21:35:25Z,1,
80020,done,200,150618,2026-08-19T21:38:03Z,1,
80022,done,200,154285,2026-08-19T21:37:37Z,1,
80126,done,200,132843,2026-08-19T21:38:45Z,1,
80127,done,200,129697,2026-08-19T21:37:23Z,1,
80134,done,200,150998,2026-08-19T21:34:56Z,1,
80219,done,200,155617,2026-08-19T21:40:44Z,1,
80229,done,200,142791,2026-08-19T21:39:00Z,1,
80504,done,200,155153,2026-08-19T21:35:34Z,1,
80516,done,200,157156,2026-08-19T21:41:55Z,1,
80525,done,200,163495,2026-08-19T21:37:35Z,1,
80537,done,200,155745,2026-08-19T21:39:54Z,1,
80538,done,200,157897,2026-08-19T21:37:13Z,1,
80550,done,200,152568,2026-08-19T21:38:36Z,1,
80602,done,200,126531,2026-08-19T21:39:48Z,1,
80634,done,200,156553,2026-08-19T21:35:38Z,1,
80918,done,200,162868,2026-08-19T21:40:00Z,1,
82009,done,200,145772,2026-08-19T21:40:35Z,1,
83301,done,200,162294,2026-08-19T21:36:45Z,1,
83642,done,200,159593,2026-08-19T21:36:28Z,1,
83646,done,200,134982,2026-08-19T21:35:03Z,1,
83686,done,200,148069,2026-08-19T21:36:54Z,1,
83709,done,200,146189,2026-08-19T21:35:37Z,1,
83854,done,200,157182,2026-08-19T21:38:37Z,1,
84003,done,200,159375,2026-08-19T21:41:25Z,1,
84009,done,200,147425,2026-08-19T21:41:39Z,1,
84015,done,200,165950,2026-08-19T21:36:00Z,1,
84041,done,200,152888,2026-08-19T21:40:51Z,1,
84043,done,200,166657,2026-08-19T21:35:42Z,1,
84065,done,200,145609,2026-08-19T21:38:50Z,1,
84074,done,200,151402,2026-08-19T21:37:16Z,1,
84081,done,200,139068,2026-08-19T21:39:56Z,1,
84096,done,200,147102,2026-08-19T21:36:03Z,1,
84404,done,200,156436,2026-08-19T21:35:55Z,1,
84790,done,200,163672,2026-08-19T21:38:14Z,1,
85032,done,200,157456,2026-08-19T21:36:00Z,1,
85041,done,200,128926,2026-08-19T21:38:11Z,1,
85086,done,200,131933,2026-08-19T21:38:34Z,1,
85122,done,200,166823,2026-08-19T21:37:32Z,1,
85138,done,200,130299,2026-08-19T21:38:54Z,1,
85140,done,200,133056,2026-08-19T21:38:13Z,1,
85142,done,200,129717,2026-08-19T21:34:52Z,1,
85204,done,200,150312,2026-08-19T21:38:46Z,1,
85205,done,200,156717,2026-08-19T21:37:49Z,1,
85208,done,200,144856,2026-08-19T21:40:31Z,1,
85209,done,200,150014,2026-08-19T21:39:03Z,1,
85212,done,200,128893,2026-08-19T21:38:43Z,1,
85225,done,200,159157,2026-08-19T21:36:03Z,1,
85234,done,200,139918,2026-08-19T21:39:48Z,1,
85248,done,200,140863,2026-08-19T21:37:52Z,1,
85249,done,200,132163,2026-08-19T21:37:00Z,1,
85254,done,200,148750,2026-08-19T21:37:55Z,1,
85286,done,200,137371,2026-08-19T21:41:06Z,1,
85295,done,200,136883,2026-08-19T21:40:35Z,1,
85296,done,200,115007,2026-08-19T21:40:30Z,1,
85298,done,200,106546,2026-08-19T21:39:54Z,1,
85308,done,200,140882,2026-08-19T21:35:27Z,1,
85326,done,200,140936,2026-08-19T21:36:07Z,1,
85331,done,200,147223,2026-08-19T21:41:27Z,1,
85338,done,200,146660,2026-08-19T21:35:57Z,1,
85339,done,200,126299,2026-08-19T21:40:18Z,1,
85345,done,200,136590,2026-08-19T21:37:02Z,1,
85351,done,200,112224,2026-08-19T21:37:08Z,1,
85364,done,200,148144,2026-08-19T21:36:14Z,1,
85365,done,200,147625,2026-08-19T21:36:18Z,1,
85374,done,200,139807,2026-08-19T21:37:31Z,1,
85375,done,200,107548,2026-08-19T21:37:44Z,1,
85379,done,200,126402,2026-08-19T21:41:34Z,1,
85382,done,200,133934,2026-08-19T21:40:27Z,1,
85383,done,200,120656,2026-08-19T21:34:57Z,1,
85396,done,200,137960,2026-08-19T21:40:19Z,1,
85705,done,200,160398,2026-08-19T21:41:37Z,1,
85710,done,200,137831,2026-08-19T21:37:29Z,1,
87031,done,200,122629,2026-08-19T21:40:19Z,1,
87105,done,200,138214,2026-08-19T21:37:51Z,1,
87111,done,200,134060,2026-08-19T21:36:03Z,1,
87112,done,200,134643,2026-08-19T21:40:55Z,1,
87114,done,200,136336,2026-08-19T21:35:24Z,1,
87120,done,200,120184,2026-08-19T21:35:06Z,1,
87121,done,200,107454,2026-08-19T21:35:20Z,1,
87123,done,200,152279,2026-08-19T21:39:17Z,1,
87124,done,200,148661,2026-08-19T21:35:44Z,1,
87144,done,200,117689,2026-08-19T21:36:52Z,1,
87507,done,200,151461,2026-08-19T21:38:33Z,1,
88220,done,200,124361,2026-08-19T21:41:31Z,1,
89031,done,200,122241,2026-08-19T21:35:36Z,1,
89052,done,200,146275,2026-08-19T21:36:48Z,1,
89074,done,200,143529,2026-08-19T21:41:11Z,1,
89121,done,200,173816,2026-08-19T21:40:13Z,1,
89123,done,200,151531,2026-08-19T21:38:25Z,1,
89129,done,200,147692,2026-08-19T21:37:11Z,1,
89131,done,200,137532,2026-08-19T21:37:48Z,1,
89148,done,200,139551,2026-08-19T21:37:52Z,1,
89436,done,200,127965,2026-08-19T21:38:57Z,1,
90275,done,200,140898,2026-08-19T21:40:15Z,1,
90631,done,200,158910,2026-08-19T21:38:00Z,1,
90638,done,200,125894,2026-08-19T21:41:50Z,1,
90650,done,200,150192,2026-08-19T21:35:29Z,1,
90660,done,200,124573,2026-08-19T21:41:22Z,1,
90703,done,200,123355,2026-08-19T21:41:17Z,1,
90805,done,200,158849,2026-08-19T21:40:49Z,1,
90808,done,200,100888,2026-08-19T21:41:20Z,1,
91320,done,200,136308,2026-08-19T21:41:44Z,1,
91331,done,200,155056,2026-08-19T21:37:30Z,1,
91335,done,200,159740,2026-08-19T21:40:20Z,1,
91342,done,200,160580,2026-08-19T21:35:52Z,1,
91344,done,200,141470,2026-08-19T21:39:34Z,1,
91709,done,200,149625,2026-08-19T21:35:33Z,1,
91710,done,200,146118,2026-08-19T21:36:44Z,1,
91730,done,200,144361,2026-08-19T21:40:23Z,1,
91744,done,200,137320,2026-08-19T21:39:50Z,1,
91745,done,200,144063,2026-08-19T21:40:26Z,1,
91761,done,200,149907,2026-08-19T21:40:50Z,1,
91765,done,200,141431,2026-08-19T21:41:04Z,1,
91910,done,200,153040,2026-08-19T21:38:46Z,1,
91911,done,200,157718,2026-08-19T21:39:04Z,1,
91913,done,200,137072,2026-08-19T21:40:11Z,1,
91977,done,200,157776,2026-08-19T21:40:26Z,1,
92024,done,200,162754,2026-08-19T21:38:44Z,1,
92026,done,200,151506,2026-08-19T21:40:45Z,1,
92028,done,200,152301,2026-08-19T21:40:52Z,1,
92056,done,200,138648,2026-08-19T21:39:07Z,1,
92057,done,200,138300,2026-08-19T21:39:29Z,1,
92071,done,200,138845,2026-08-19T21:36:54Z,1,
92114,done,200,147108,2026-08-19T21:39:35Z,1,
92126,done,200,142066,2026-08-19T21:38:51Z,1,
92127,done,200,135592,2026-08-19T21:41:47Z,1,
92128,done,200,120954,2026-08-19T21:38:52Z,1,
92129,done,200,128668,2026-08-19T21:38:43Z,1,
92154,done,200,149066,2026-08-19T21:38:08Z,1,
92223,done,200,142808,2026-08-19T21:36:22Z,1,
92234,done,200,170715,2026-08-19T21:40:04Z,1,
92253,done,200,152460,2026-08-19T21:41:26Z,1,
92335,done,200,146297,2026-08-19T21:40:59Z,1,
92336,done,200,153171,2026-08-19T21:34:54Z,1,
92345,done,200,141754,2026-08-19T21:35:57Z,1,
92346,done,200,145416,2026-08-19T21:41:19Z,1,
92376,done,200,146468,2026-08-19T21:39:09Z,1,
92399,done,200,149283,2026-08-19T21:38:57Z,1,
92503,done,200,160693,2026-08-19T21:36:15Z,1,
92506,done,200,141720,2026-08-19T21:41:46Z,1,
92509,done,200,142730,2026-08-19T21:37:34Z,1,
92530,done,200,155986,2026-08-19T21:41:12Z,1,
92545,done,200,144292,2026-08-19T21:40:22Z,1,
92562,done,200,161092,2026-08-19T21:36:56Z,1,
92563,done,200,163285,2026-08-19T21:35:50Z,1,
92584,done,200,148135,2026-08-19T21:37:20Z,1,
92592,done,200,157888,2026-08-19T21:35:17Z,1,
92630,done,200,141102,2026-08-19T21:36:32Z,1,
92646,done,200,144927,2026-08-19T21:36:23Z,1,
92677,done,200,136768,2026-08-19T21:35:56Z,1,
92683,done,200,147508,2026-08-19T21:37:26Z,1,
92691,done,200,126556,2026-08-19T21:40:08Z,1,
92692,done,200,122510,2026-08-19T21:39:12Z,1,
92708,done,200,146262,2026-08-19T21:40:07Z,1,
92880,done,200,144249,2026-08-19T21:36:46Z,1,
92882,done,200,156661,2026-08-19T21:39:44Z,1,
92886,done,200,150212,2026-08-19T21:38:13Z,1,
93003,done,200,152155,2026-08-19T21:41:54Z,1,
93063,done,200,147625,2026-08-19T21:37:23Z,1,
93065,done,200,155355,2026-08-19T21:35:26Z,1,
93230,done,200,133617,2026-08-19T21:38:35Z,1,
93257,done,200,139670,2026-08-19T21:39:02Z,1,
93274,done,200,133435,2026-08-19T21:38:49Z,1,
93306,done,200,151222,2026-08-19T21:37:53Z,1,
93311,done,200,117795,2026-08-19T21:41:08Z,1,
93312,done,200,115370,2026-08-19T21:37:34Z,1,
93313,done,200,105830,2026-08-19T21:39:26Z,1,
93446,done,200,145858,2026-08-19T21:41:03Z,1,
93455,done,200,141166,2026-08-19T21:40:48Z,1,
93535,done,200,156740,2026-08-19T21:37:12Z,1,
93536,done,200,152521,2026-08-19T21:36:29Z,1,
93550,done,200,149987,2026-08-19T21:40:45Z,1,
93551,done,200,141333,2026-08-19T21:39:06Z,1,
93619,done,200,107966,2026-08-19T21:37:39Z,1,
93722,done,200,132414,2026-08-19T21:36:19Z,1,
93727,done,200,139823,2026-08-19T21:36:41Z,1,
94015,done,200,129204,2026-08-19T21:40:12Z,1,
94112,done,200,142578,2026-08-19T21:36:34Z,1,
94509,done,200,154718,2026-08-19T21:38:23Z,1,
94513,done,200,138581,2026-08-19T21:35:35Z,1,
94533,done,200,149419,2026-08-19T21:38:33Z,1,
94536,done,200,151149,2026-08-19T21:37:33Z,1,
94544,done,200,144773,2026-08-19T21:40:24Z,1,
94550,done,200,138432,2026-08-19T21:39:13Z,1,
94553,done,200,149178,2026-08-19T21:38:15Z,1,
94558,done,200,155470,2026-08-19T21:36:11Z,1,
94565,done,200,154227,2026-08-19T21:35:31Z,1,
94568,done,200,134118,2026-08-19T21:36:43Z,1,
94587,done,200,139112,2026-08-19T21:37:44Z,1,
94591,done,200,150729,2026-08-19T21:38:59Z,1,
95020,done,200,153618,2026-08-19T21:39:54Z,1,
95023,done,200,143375,2026-08-19T21:41:21Z,1,
95037,done,200,149302,2026-08-19T21:41:06Z,1,
95123,done,200,130783,2026-08-19T21:37:21Z,1,
95355,done,200,144161,2026-08-19T21:39:15Z,1,
95608,done,200,140454,2026-08-19T21:38:40Z,1,
95624,done,200,128076,2026-08-19T21:36:38Z,1,
95628,done,200,137336,2026-08-19T21:41:05Z,1,
95630,done,200,147749,2026-08-19T21:35:12Z,1,
95648,done,200,146371,2026-08-19T21:35:36Z,1,
95670,done,200,146565,2026-08-19T21:40:28Z,1,
95687,done,200,140332,2026-08-19T21:36:51Z,1,
95747,done,200,137300,2026-08-19T21:34:53Z,1,
95758,done,200,125084,2026-08-19T21:36:39Z,1,
95762,done,200,120929,2026-08-19T21:37:26Z,1,
95828,done,200,115748,2026-08-19T21:41:27Z,1,
96706,done,200,153363,2026-08-19T21:36:20Z,1,
96720,done,200,143023,2026-08-19T21:41:18Z,1,
96744,done,200,150264,2026-08-19T21:38:18Z,1,
96797,done,200,152665,2026-08-19T21:38:11Z,1,
97045,done,200,159297,2026-08-19T21:36:36Z,1,
97080,done,200,150766,2026-08-19T21:40:41Z,1,
97123,done,200,149059,2026-08-19T21:41:00Z,1,
97206,done,200,158951,2026-08-19T21:38:01Z,1,
97219,done,200,150900,2026-08-19T21:39:20Z,1,
97223,done,200,141298,2026-08-19T21:39:43Z,1,
97229,done,200,156420,2026-08-19T21:35:19Z,1,
97405,done,200,161468,2026-08-19T21:38:21Z,1,
97504,done,200,139985,2026-08-19T21:40:06Z,1,
97702,done,200,150924,2026-08-19T21:36:36Z,1,
97756,done,200,148260,2026-08-19T21:40:46Z,1,
98012,done,200,137368,2026-08-19T21:35:32Z,1,
98023,done,200,140433,2026-08-19T21:41:17Z,1,
98034,done,200,151615,2026-08-19T21:39:28Z,1,
98042,done,200,122758,2026-08-19T21:38:02Z,1,
98092,done,200,139503,2026-08-19T21:39:46Z,1,
98103,done,200,163562,2026-08-19T21:41:22Z,1,
98115,done,200,160603,2026-08-19T21:38:04Z,1,
98208,done,200,140239,2026-08-19T21:36:56Z,1,
98223,done,200,146794,2026-08-19T21:38:56Z,1,
98258,done,200,148391,2026-08-19T21:38:09Z,1,
98290,done,200,141986,2026-08-19T21:41:16Z,1,
98374,done,200,147784,2026-08-19T21:41:44Z,1,
98387,done,200,148239,2026-08-19T21:39:47Z,1,
98391,done,200,146215,2026-08-19T21:35:51Z,1,
98501,done,200,151112,2026-08-19T21:41:48Z,1,
98632,done,200,145927,2026-08-19T21:40:32Z,1,
98682,done,200,145476,2026-08-19T21:36:12Z,1,
98837,done,200,156749,2026-08-19T21:41:47Z,1,
99205,done,200,145301,2026-08-19T21:39:39Z,1,
99208,done,200,155847,2026-08-19T21:36:52Z,1,
99301,done,200,150690,2026-08-19T21:35:26Z,1,
